first_name,last_name,email
Alva,Aiskrigg,aaiskrigg0@berkeley.edu
Aubrie,Jolin,ajolin1@rakuten.co.jp
Marian,Wrassell,mwrassell2@digg.com
Robbie,Hillock,rhillock3@histats.com
Kellsie,Chillingworth,kchillingworth4@digg.com
Bentlee,Matussow,bmatussow5@alibaba.com
Calla,Covington,ccovington6@tmall.com
Art,Daniau,adaniau7@redcross.org
Allison,Daynter,adaynter8@ucoz.com
Kelsey,Sailes,ksailes9@creativecommons.org
Glenden,Riccardi,griccardia@wikia.com
Riccardo,Bettington,rbettingtonb@amazon.co.jp
Masha,Farley,mfarleyc@istockphoto.com
Francyne,Glasscott,fglasscottd@moonfruit.com
Aguste,Shermore,ashermoree@mac.com
Silvio,Dybell,sdybellf@dagondesign.com
Kaitlin,Mixter,kmixterg@parallels.com
Valentijn,De Paepe,vdepaepeh@bbc.co.uk
Nata,Caberas,ncaberasi@dropbox.com
Thayne,Chung,tchungj@bluehost.com
Philis,Colliford,pcollifordk@cloudflare.com
Wolfie,Rhule,wrhulel@blinklist.com
Jessie,Bushen,jbushenm@toplist.cz
Tomasina,Castelow,tcastelown@washingtonpost.com
Felizio,Dods,fdodso@eventbrite.com
Gardener,Candlish,gcandlishp@gmpg.org
Aggie,Broadist,abroadistq@chronoengine.com
Tandi,Rainford,trainfordr@imageshack.us
Blondell,Whitlock,bwhitlocks@wisc.edu
Ty,Skiplorne,tskiplornet@prweb.com
Alon,Leverson,aleversonu@ycombinator.com
Giustina,Dunican,gdunicanv@usa.gov
Jaymee,Presho,jpreshow@tiny.cc
Jerald,Dalzell,jdalzellx@github.com
Ameline,Body,abodyy@merriam-webster.com
Cicily,Shaddick,cshaddickz@ucsd.edu
Jo,Le Provost,jleprovost10@arstechnica.com
Mikaela,Assiter,massiter11@blogs.com
Marv,Mayworth,mmayworth12@studiopress.com
Mahala,Farnsworth,mfarnsworth13@sogou.com
Jade,Givens,jgivens14@ameblo.jp
Tierney,Pulver,tpulver15@mashable.com
Roobbie,Lossman,rlossman16@ebay.com
Skipp,Dows,sdows17@businesswire.com
Nealy,Honnan,nhonnan18@admin.ch
Wilden,Falks,wfalks19@phpbb.com
Mikkel,Kingzeth,mkingzeth1a@miibeian.gov.cn
Nadean,Targetter,ntargetter1b@123-reg.co.uk
Trisha,Fautly,tfautly1c@va.gov
Kaitlyn,Shoute,kshoute1d@illinois.edu
Berta,Killingback,bkillingback1e@ed.gov
Joanie,De Cristofalo,jdecristofalo1f@smh.com.au
Kleon,Buchett,kbuchett1g@hc360.com
Orly,Bark,obark1h@liveinternet.ru
Penelopa,Levet,plevet1i@quantcast.com
Evangelina,Trobey,etrobey1j@simplemachines.org
Ilaire,Jarrett,ijarrett1k@vk.com
Averell,Raysdale,araysdale1l@opensource.org
Misti,Horney,mhorney1m@samsung.com
Mab,Airdrie,mairdrie1n@seattletimes.com
Merell,Creamer,mcreamer1o@soup.io
Carney,Myatt,cmyatt1p@engadget.com
Mavis,McTerlagh,mmcterlagh1q@qq.com
Tabbie,Costar,tcostar1r@unesco.org
Braden,Szwarc,bszwarc1s@cpanel.net
Viva,Brinsden,vbrinsden1t@princeton.edu
Erin,Bointon,ebointon1u@phpbb.com
Laraine,O'Scollain,loscollain1v@diigo.com
Cynde,Apark,capark1w@oracle.com
Cortney,Sinney,csinney1x@census.gov
Klarika,Crossman,kcrossman1y@miibeian.gov.cn
Angelica,Lodwig,alodwig1z@paginegialle.it
Jillian,Callf,jcallf20@ebay.com
Jilli,Cockerton,jcockerton21@wikia.com
Claresta,Micklewicz,cmicklewicz22@usda.gov
Ninnetta,Gligoraci,ngligoraci23@forbes.com
Catrina,Pibworth,cpibworth24@timesonline.co.uk
Kippy,Hallock,khallock25@reference.com
Abra,Perl,aperl26@loc.gov
Scott,Jahnel,sjahnel27@latimes.com
Emlen,Wooddisse,ewooddisse28@intel.com
Jeri,Atkirk,jatkirk29@foxnews.com
Elenore,Knoller,eknoller2a@istockphoto.com
Ninette,Paggitt,npaggitt2b@home.pl
Marybeth,Mc Menamin,mmcmenamin2c@wunderground.com
Irv,Fishley,ifishley2d@squidoo.com
Rosaleen,Sebert,rsebert2e@soundcloud.com
Pancho,Giraudat,pgiraudat2f@google.nl
Sigrid,Buffery,sbuffery2g@army.mil
Berkie,Ganter,bganter2h@slideshare.net
Rozele,Cottrell,rcottrell2i@adobe.com
Bengt,Roofe,broofe2j@google.co.uk
Dulciana,Raymen,draymen2k@vkontakte.ru
Arleta,Keach,akeach2l@lulu.com
Maryanna,Fydoe,mfydoe2m@irs.gov
Gianina,Braybrooks,gbraybrooks2n@drupal.org
Glenna,Cato,gcato2o@github.com
Iormina,Duffrie,iduffrie2p@bloglines.com
Jozef,Renzini,jrenzini2q@geocities.jp
Blancha,Brame,bbrame2r@thetimes.co.uk
